,node_count,edge_count,diameter,average_path_length,transitivity,betweenness,closeness,pagerank,graph_type,id
0,11790,1463534,5,2.4764388979764385,0.13696583849690352,786070.7497980424,0.6378638675468022,0.0024470646839339118,ipfs,224
