,node_count,edge_count,diameter,average_path_length,transitivity,betweenness,closeness,pagerank,graph_type,id
0,11210,1366044,5,2.4712538389208376,0.14103824778290597,721073.5400604705,0.6382530463500741,0.002467788623910618,ipfs,214
