,node_count,edge_count,diameter,average_path_length,transitivity,betweenness,closeness,pagerank,graph_type,id
0,12858,1626902,5,2.5080478467368374,0.13204809756247596,1031646.6621478793,0.6464702333065165,0.0025155772577700884,ipfs,244
