,node_count,edge_count,diameter,average_path_length,transitivity,betweenness,closeness,pagerank,graph_type,id
0,13551,1692727,5,2.5211095955653864,0.12856348955726107,1062494.3059543376,0.6430334092634776,0.002462658534377877,ipfs,237
