,node_count,edge_count,diameter,average_path_length,transitivity,betweenness,closeness,pagerank,graph_type,id
0,12183,1581967,6,2.479791225077717,0.13384549756049433,945909.8836026907,0.6502615565282375,0.002545044002300256,ipfs,248
