,node_count,edge_count,diameter,average_path_length,transitivity,betweenness,closeness,pagerank,graph_type,id
0,13277,1692183,5,2.5090955871930998,0.12955351976077503,1030644.489064687,0.6442783655246045,0.0024736337219162037,ipfs,235
