,node_count,edge_count,diameter,average_path_length,transitivity,betweenness,closeness,pagerank,graph_type,id
0,11731,1444087,5,2.481588607156507,0.13817582279301563,788990.0702424028,0.6341226078494973,0.0024419306611309284,ipfs,222
