,node_count,edge_count,diameter,average_path_length,transitivity,betweenness,closeness,pagerank,graph_type,id
0,12411,1517587,5,2.49827360427781,0.1346169343106929,861026.5795624001,0.637587340731607,0.0024538748785082626,ipfs,230
