,node_count,edge_count,diameter,average_path_length,transitivity,betweenness,closeness,pagerank,graph_type,id
0,12221,1499156,6,2.492083355377345,0.13567378999999155,846151.192722695,0.6384201452379709,0.0024920233532925353,ipfs,229
