,node_count,edge_count,diameter,average_path_length,transitivity,betweenness,closeness,pagerank,graph_type,id
0,11867,1546623,5,2.46636141057733,0.13546081559553758,881816.5694033508,0.6510836762688614,0.0025421954380924826,ipfs,252
