,node_count,edge_count,diameter,average_path_length,transitivity,betweenness,closeness,pagerank,graph_type,id
0,11897,1476219,5,2.4801415613440936,0.1364607954639455,835479.2848480658,0.638539989264627,0.0024574739758245027,ipfs,226
