,node_count,edge_count,diameter,average_path_length,transitivity,betweenness,closeness,pagerank,graph_type,id
0,13095,1614100,5,2.5194019037985798,0.13137311405615792,989431.52631332,0.6405439780843362,0.0024928988927456763,ipfs,243
