,node_count,edge_count,diameter,average_path_length,transitivity,betweenness,closeness,pagerank,graph_type,id
0,13150,1672571,5,2.506899717164614,0.13023541804229266,994016.5156073502,0.6439590577403399,0.0024662895326921434,ipfs,234
