,node_count,edge_count,diameter,average_path_length,transitivity,betweenness,closeness,pagerank,graph_type,id
0,12066,1483248,6,2.4848103256483522,0.13586141295734203,827687.9653720141,0.6399512014003076,0.0024885435262610844,ipfs,228
