,node_count,edge_count,diameter,average_path_length,transitivity,betweenness,closeness,pagerank,graph_type,id
0,11714,1446177,5,2.47654714801388,0.13700938964965756,798514.7568057462,0.6371301131418625,0.002455015612601606,ipfs,223
