,node_count,edge_count,diameter,average_path_length,transitivity,betweenness,closeness,pagerank,graph_type,id
0,12036,1565113,5,2.473767668091235,0.1346153257815256,893569.4109339457,0.6492770824341821,0.002535079776487139,ipfs,250
