,node_count,edge_count,diameter,average_path_length,transitivity,betweenness,closeness,pagerank,graph_type,id
0,11664,1429943,5,2.482308182933443,0.1387887355937848,786490.720518653,0.636001745010361,0.002440189915613598,ipfs,220
