,node_count,edge_count,diameter,average_path_length,transitivity,betweenness,closeness,pagerank,graph_type,id
0,10913,1305821,5,2.466932611200663,0.14306021790190598,677464.8238924392,0.6331302581955324,0.002499667570431958,ipfs,211
