,node_count,edge_count,diameter,average_path_length,transitivity,betweenness,closeness,pagerank,graph_type,id
0,12959,1622097,5,2.5076311785510605,0.13144913189840252,967000.7990734361,0.6424392662369857,0.0024698739017757244,ipfs,233
