,node_count,edge_count,diameter,average_path_length,transitivity,betweenness,closeness,pagerank,graph_type,id
0,11392,1397808,5,2.4706430666342794,0.13975721308331324,753902.3352047813,0.6371518066897863,0.0024773889969851716,ipfs,217
