,node_count,edge_count,diameter,average_path_length,transitivity,betweenness,closeness,pagerank,graph_type,id
0,11526,1415428,5,2.4758071313778602,0.13961086754839844,751879.7677171392,0.63491626267078,0.002435752115282612,ipfs,218
