,node_count,edge_count,diameter,average_path_length,transitivity,betweenness,closeness,pagerank,graph_type,id
0,13614,1638525,6,2.536966312321939,0.13016863401051573,1029111.6682502516,0.6367165575304022,0.0024632288072452195,ipfs,240
