,node_count,edge_count,diameter,average_path_length,transitivity,betweenness,closeness,pagerank,graph_type,id
0,12673,1606632,5,2.5045594686918173,0.13276300174047467,1003766.0732777526,0.6454438954820965,0.0025190720078540818,ipfs,245
