,node_count,edge_count,diameter,average_path_length,transitivity,betweenness,closeness,pagerank,graph_type,id
0,10855,1291624,5,2.46298468947506,0.14365601046755266,689730.5320031141,0.6315238261476698,0.002449195388911098,ipfs,210
