,node_count,edge_count,diameter,average_path_length,transitivity,betweenness,closeness,pagerank,graph_type,id
0,11955,1552471,5,2.4723036034939314,0.13486309416328562,845926.6355240393,0.649321021184139,0.002546469563665929,ipfs,251
