,node_count,edge_count,diameter,average_path_length,transitivity,betweenness,closeness,pagerank,graph_type,id
0,11091,1349918,6,2.467011841950507,0.14193071201011048,687613.1916112676,0.6368439186861147,0.0024782960713758085,ipfs,213
