,node_count,edge_count,diameter,average_path_length,transitivity,betweenness,closeness,pagerank,graph_type,id
0,12722,1591570,5,2.499905009059825,0.13289433682749704,913262.532530339,0.6409209995969367,0.0024633385586563953,ipfs,232
