,node_count,edge_count,diameter,average_path_length,transitivity,betweenness,closeness,pagerank,graph_type,id
0,13586,1645509,5,2.529749025013448,0.12969684453946875,1028756.5294161796,0.6376138177039332,0.002450136344890368,ipfs,239
