,node_count,edge_count,diameter,average_path_length,transitivity,betweenness,closeness,pagerank,graph_type,id
0,13329,1610189,5,2.5306754357646555,0.13068294722702964,1005539.7144735528,0.6368501529051988,0.0024801319121785558,ipfs,242
