,node_count,edge_count,diameter,average_path_length,transitivity,betweenness,closeness,pagerank,graph_type,id
0,10724,1282894,5,2.456550522711607,0.14379040960730985,658754.5629721268,0.632252358490566,0.0025067363576814655,ipfs,209
