,node_count,edge_count,diameter,average_path_length,transitivity,betweenness,closeness,pagerank,graph_type,id
0,11972,1480821,5,2.479317372327794,0.1359326043343997,829717.2135432682,0.6392374646232712,0.0024664511010679944,ipfs,227
