,node_count,edge_count,diameter,average_path_length,transitivity,betweenness,closeness,pagerank,graph_type,id
0,11842,1538712,5,2.4665075351667936,0.13551109364972833,856138.6075358291,0.6498189002304906,0.0025363949651939365,ipfs,253
