,node_count,edge_count,diameter,average_path_length,transitivity,betweenness,closeness,pagerank,graph_type,id
0,10978,1330792,6,2.465435165611397,0.14246801841921247,700388.4328429872,0.6348022206800833,0.0024759446408491132,ipfs,212
