,node_count,edge_count,diameter,average_path_length,transitivity,betweenness,closeness,pagerank,graph_type,id
0,12471,1599864,5,2.4934017744761072,0.13332547719633395,939540.5559123603,0.6470191459554817,0.002532225118491113,ipfs,246
