,node_count,edge_count,diameter,average_path_length,transitivity,betweenness,closeness,pagerank,graph_type,id
0,11842,1473973,5,2.4758331217554423,0.13687728751310185,793294.0744666758,0.6381912256117279,0.0024649086129914233,ipfs,225
