,node_count,edge_count,diameter,average_path_length,transitivity,betweenness,closeness,pagerank,graph_type,id
0,11275,1384993,6,2.470360458676639,0.14073817129083765,739282.9805634816,0.6383195561091609,0.002472775983321792,ipfs,215
