,node_count,edge_count,diameter,average_path_length,transitivity,betweenness,closeness,pagerank,graph_type,id
0,12535,1543980,5,2.500570478297759,0.13421850381611516,896221.4181194751,0.6369873456319561,0.0024539986555648014,ipfs,231
