,node_count,edge_count,diameter,average_path_length,transitivity,betweenness,closeness,pagerank,graph_type,id
0,11317,1382141,5,2.468281959043388,0.14008932093505436,741956.8882751234,0.6386004514672686,0.002465544643150094,ipfs,216
