,node_count,edge_count,diameter,average_path_length,transitivity,betweenness,closeness,pagerank,graph_type,id
0,12055,1576494,5,2.4710424015505033,0.1340576883034394,932954.1476618422,0.651673244309888,0.002540900510213516,ipfs,249
