,node_count,edge_count,diameter,average_path_length,transitivity,betweenness,closeness,pagerank,graph_type,id
0,11822,1531279,5,2.4668492810585225,0.1359578116764543,849775.2686703751,0.6484722146031049,0.002528337955329103,ipfs,254
