,node_count,edge_count,diameter,average_path_length,transitivity,betweenness,closeness,pagerank,graph_type,id
0,13559,1664452,6,2.521982276260154,0.12893394687959353,1029138.2408414895,0.6406766846233816,0.0024542736302815196,ipfs,238
