,node_count,edge_count,diameter,average_path_length,transitivity,betweenness,closeness,pagerank,graph_type,id
0,11609,1417850,5,2.479261443074432,0.1395472190999584,773511.0364083872,0.633347883020515,0.0024436249255985545,ipfs,219
