,node_count,edge_count,diameter,average_path_length,transitivity,betweenness,closeness,pagerank,graph_type,id
0,12300,1592890,5,2.4842405761337747,0.1335098846583547,910269.9626773752,0.6494692929186249,0.002550983499306226,ipfs,247
