,node_count,edge_count,diameter,average_path_length,transitivity,betweenness,closeness,pagerank,graph_type,id
0,13556,1643749,5,2.535789357800797,0.13063059827108217,1043731.8681024829,0.639085337105139,0.002497711753077607,ipfs,241
