,node_count,edge_count,diameter,average_path_length,transitivity,betweenness,closeness,pagerank,graph_type,id
0,11703,1423786,5,2.4835111453684537,0.13851411143647155,801674.8634999151,0.6344954725370059,0.0024439106862268684,ipfs,221
