,node_count,edge_count,diameter,average_path_length,transitivity,betweenness,closeness,pagerank,graph_type,id
0,13360,1692320,6,2.5110390333719588,0.12945325476658429,1058609.4746692895,0.6449572732100614,0.0024833157516302965,ipfs,236
